{"mean_reward": 673.0, "std_reward": 245.440420469001, "is_deterministic": false, "n_eval_episodes": 10, "eval_datetime": "2025-09-06T10:20:44.783497"}